Region,HEI (Higher Education Institution),Degree Type,Program Name,Program Major,COPC Details
10 - Northern Mindanao,Bukidnon State University,Bachelor,Bachelor of Arts in English Language,,015 s. 2016
10 - Northern Mindanao,Bukidnon State University,Bachelor,Bachelor of Arts in Philosophy,,005 s. 2019
10 - Northern Mindanao,Bukidnon State University,Bachelor,Bachelor of Arts in Social Science,,004 s. 2019
10 - Northern Mindanao,Bukidnon State University,Bachelor,Bachelor of Arts in Sociology,,013 s. 2016
10 - Northern Mindanao,Bukidnon State University,Bachelor,Bachelor of Early Childhood Education,,001 s. 2021
10 - Northern Mindanao,Bukidnon State University,Bachelor,Bachelor of Elementary Education,General Education,005 s. 2016
10 - Northern Mindanao,Bukidnon State University,Bachelor,Bachelor of Physical Education,,014 s. 2020
10 - Northern Mindanao,Bukidnon State University,Bachelor,Bachelor in Public Administration,,001 s. 2017
10 - Northern Mindanao,Bukidnon State University,Bachelor,Bachelor of Science in Accountancy,,014 s. 2016
10 - Northern Mindanao,Bukidnon State University,Bachelor,Bachelor of Science in Automotive Technology,,002 s. 2017
10 - Northern Mindanao,Bukidnon State University,Bachelor,Bachelor of Science in Biology,Biotechnology,044 s. 2022
10 - Northern Mindanao,Bukidnon State University,Bachelor,Bachelor of Science in Business Administration,Financial Management,012 s. 2016
10 - Northern Mindanao,Bukidnon State University,Bachelor,Bachelor of Science in Community Development,,003 s. 2017
10 - Northern Mindanao,Bukidnon State University,Bachelor,Bachelor of Science in Development Communication,,004 s. 2017
10 - Northern Mindanao,Bukidnon State University,Bachelor,Bachelor of Science in Electronics Technology,,005 s. 2017
10 - Northern Mindanao,Bukidnon State University,Bachelor,Bachelor of Science in Entertainment and Multimedia,Digital Animation Technology,006 s. 2019
10 - Northern Mindanao,Bukidnon State University,Bachelor,Bachelor of Science in Environmental Science,Environmental Heritage Studies,045 s. 2022
10 - Northern Mindanao,Bukidnon State University,Bachelor,Bachelor of Science in Food Technology,,006 s. 2017
10 - Northern Mindanao,Bukidnon State University,Bachelor,Bachelor of Science in Hospitality Management,,007 s. 2017
10 - Northern Mindanao,Bukidnon State University,Bachelor,Bachelor of Science in Information Technology,,002 s. 2016
10 - Northern Mindanao,Bukidnon State University,Bachelor,Bachelor of Science in Mathematics,,003 s. 2016
10 - Northern Mindanao,Bukidnon State University,Bachelor,Bachelor of Science in Nursing,,088 s. 2020
10 - Northern Mindanao,Bukidnon State University,Bachelor,Bachelor of Secondary Education,English,019 s. 2021
10 - Northern Mindanao,Bukidnon State University,Bachelor,Bachelor of Secondary Education,Filipino,019 s. 2021
10 - Northern Mindanao,Bukidnon State University,Bachelor,Bachelor of Secondary Education,Science,019 s. 2021
10 - Northern Mindanao,Bukidnon State University,Bachelor,Bachelor of Secondary Education,Mathematics,019 s. 2021
10 - Northern Mindanao,Bukidnon State University,Bachelor,Bachelor of Secondary Education,Social Studies,019 s. 2021
10 - Northern Mindanao,Bukidnon State University,Doctorate,Doctor of Philosophy in Institutional System Design,,183 s. 2021
10 - Northern Mindanao,Bukidnon State University,Doctorate,Doctor of Philosophy in Educational Administration,Educational Administration,188 s. 2021
10 - Northern Mindanao,Bukidnon State University,Doctorate,Doctor of Philosophy in English Language,English Language,077 s. 2021
10 - Northern Mindanao,Bukidnon State University,Doctorate,Doctor of Philosophy in Science Education,Mathematics,182 s. 2021
10 - Northern Mindanao,Bukidnon State University,Doctorate,Doctor of Philosophy in Science Education,Biology,182 s. 2021
10 - Northern Mindanao,Bukidnon State University,Doctorate,Doctor of Public Administration,,071 s. 2024
10 - Northern Mindanao,Bukidnon State University,Master,Master of Arts in Education,Math Education,181 s. 2021
10 - Northern Mindanao,Bukidnon State University,Master,Master of Arts in Education,English Language Teaching,181 s. 2021
10 - Northern Mindanao,Bukidnon State University,Master,Master of Arts in Education,General Science,181 s. 2021
10 - Northern Mindanao,Bukidnon State University,Master,Master of Arts in Guidance and Counseling,,010 s. 2016
10 - Northern Mindanao,Bukidnon State University,Master,Master of Arts in Education,Educational Administration,181 s. 2021
10 - Northern Mindanao,Bukidnon State University,Master,Master of Arts in Education,Math Teaching,181 s. 2021
10 - Northern Mindanao,Bukidnon State University,Master,Master of Arts in English Language,,076 s. 2021
10 - Northern Mindanao,Bukidnon State University,Master,Master of Arts in Sociology,,17 s. 2023
10 - Northern Mindanao,Bukidnon State University,Master,Master in Business Administration,,072 s. 2022
10 - Northern Mindanao,Bukidnon State University,Master,Master of Public Administration,,070 s. 2024
10 - Northern Mindanao,Bukidnon State University-Alubijid ESC,Bachelor,Bachelor of Science in Business Administration,Financial Management,008 s. 2022
10 - Northern Mindanao,Bukidnon State University-Alubijid ESC,Bachelor,Bachelor of Public Administration,,047 s. 2022
10 - Northern Mindanao,Bukidnon State University-Baungon BSU,Bachelor,Bachelor of Science in Business Administration,Financial Management,056 s. 2022
10 - Northern Mindanao,Bukidnon State University-Baungon BSU,Bachelor,Bachelor of Public Administration,,017 s. 2022
10 - Northern Mindanao,Bukidnon State University-Cabanglasan ESC,Bachelor,Bachelor of Public Administration,,024 s. 2022
10 - Northern Mindanao,Bukidnon State University-Cabanglasan ESC,Bachelor,Bachelor of Science in Business Administration,Financial Management,002 s. 2022
10 - Northern Mindanao,Bukidnon State University-Damulog Satellite ESC,Bachelor,Bachelor of Science in Business Administration,Financial Management,007 s. 2022
10 - Northern Mindanao,Bukidnon State University-Damulog Satellite ESC,Bachelor,Bachelor of Public Administration,,040 s. 2022
10 - Northern Mindanao,Bukidnon State University-Impasugong,Bachelor,Bachelor of Public Administration,,014 s. 2022
10 - Northern Mindanao,Bukidnon State University-Impasugong,Bachelor,Bachelor of Science in Business Administration,Financial Management,055 s. 2021
10 - Northern Mindanao,Bukidnon State University-Kadingilan,Bachelor,Bachelor of Science in Business Administration,Financial Management,057 s. 2021
10 - Northern Mindanao,Bukidnon State University-Kadingilan,Bachelor,Bachelor of Public Administration,,058 s. 2021
10 - Northern Mindanao,Bukidnon State University-Kalilangan BSU,Bachelor,Bachelor of Public Administration,,038 s. 2022
10 - Northern Mindanao,Bukidnon State University-Kalilangan BSU,Bachelor,Bachelor of Science in Business Administration,Financial Management,010 s. 2022
10 - Northern Mindanao,Bukidnon State University-Kitaotao Satellite ESC,Bachelor,Bachelor of Science in Business Administration,Financial Management,009 s. 2022
10 - Northern Mindanao,Bukidnon State University-Kitaotao Satellite ESC,Bachelor,Bachelor of Public Administration,,041 s. 2022
10 - Northern Mindanao,Bukidnon State University-Libona,Bachelor,Bachelor of Science in Business Administration,Financial Management,011 s. 2022
10 - Northern Mindanao,Bukidnon State University-Libona,Bachelor,Bachelor of Public Administration,,029 s. 2022
10 - Northern Mindanao,Bukidnon State University-Malitbog,Bachelor,Bachelor of Public Administration,,043 s. 2022
10 - Northern Mindanao,Bukidnon State University-Malitbog,Bachelor,Bachelor of Science in Business Administration,Financial Management,001 s. 2022
10 - Northern Mindanao,Bukidnon State University-Medina ESC,Bachelor,Bachelor of Science in Business Administration,Financial Management,005 s. 2023
10 - Northern Mindanao,Bukidnon State University-Medina ESC,Bachelor,Bachelor of Science in Public Administration,,012 s. 2023
10 - Northern Mindanao,Bukidnon State University-Quezon Satellite ESC,Bachelor,Bachelor of Science in Business Administration,Financial Management,012 s. 2022
10 - Northern Mindanao,Bukidnon State University-Quezon Satellite ESC,Bachelor,Bachelor of Public Administration,,052 s. 2022
10 - Northern Mindanao,Bukidnon State University-San Fernando Satellite ESC,Bachelor,Bachelor of Science in Business Administration,Financial Management,013 s. 2022
10 - Northern Mindanao,Bukidnon State University-San Fernando Satellite ESC,Bachelor,Bachelor of Public Administration,,050 s. 2022
10 - Northern Mindanao,Bukidnon State University-Talakag BSU,Bachelor,Bachelor of Science in Business Administration,Financial Management,039 s. 2022
10 - Northern Mindanao,Bukidnon State University-Talakag BSU,Bachelor,Bachelor of Public Administration,,049 s. 2022
10 - Northern Mindanao,Bukidnon State University-Talisayan ESC,Bachelor,Bachelor of Science in Business Administration,Financial Management,006 s. 2022
10 - Northern Mindanao,Bukidnon State University-Talisayan ESC,Bachelor,Bachelor of Public Administration,,036 s. 2022
10 - Northern Mindanao,Camiguin Polytechnic State College,Bachelor,Bachelor of Elementary Education,,001 s. 2023
10 - Northern Mindanao,Camiguin Polytechnic State College,Bachelor,Bachelor of Science in Agriculture,Crop Science,061 s. 2016
10 - Northern Mindanao,Camiguin Polytechnic State College,Bachelor,Bachelor of Science in Agriculture,Animal Science,061 s. 2016
10 - Northern Mindanao,Camiguin Polytechnic State College,Bachelor,Bachelor of Science in Agriculture,Agro-Forestry,061 s. 2016
10 - Northern Mindanao,Camiguin Polytechnic State College,Bachelor,Bachelor of Secondary Education,English,002 s. 2023
10 - Northern Mindanao,Camiguin Polytechnic State College,Bachelor,Bachelor of Secondary Education,Science,002 s. 2023
10 - Northern Mindanao,Camiguin Polytechnic State College,Bachelor,Bachelor of Technology and Livelihood Education,Industrial Arts,002 s. 2025
10 - Northern Mindanao,Camiguin Polytechnic State College,Bachelor,Bachelor of Technology and Livelihood Education,Home Economics,001 s. 2025
10 - Northern Mindanao,Camiguin Polytechnic State College,Bachelor,Bachelor of Technology and Livelihood Education,Agri-Fishery Arts,004 s. 2025
10 - Northern Mindanao,Camiguin Polytechnic State College,Bachelor,Bachelor of Technology and Livelihood Education,Information and Communication Technology,003 s. 2025
10 - Northern Mindanao,Central Mindanao University,Bachelor,Bachelor of Arts,History,032 s. 2016
10 - Northern Mindanao,Central Mindanao University,Bachelor,Bachelor of Arts in English Language Studies,,018 s. 2016
10 - Northern Mindanao,Central Mindanao University,Bachelor,Bachelor of Arts in Philosophy,,002 s. 2024
10 - Northern Mindanao,Central Mindanao University,Bachelor,Bachelor of Arts,Political Science,020 s. 2016
10 - Northern Mindanao,Central Mindanao University,Bachelor,Bachelor of Arts,Sociology,031 s. 2016
10 - Northern Mindanao,Central Mindanao University,Bachelor,Bachelor of Early Childhood Education,,020 s. 2025
10 - Northern Mindanao,Central Mindanao University,Bachelor,Bachelor of Physical Education,,020 s. 2021
10 - Northern Mindanao,Central Mindanao University,Bachelor,Bachelor of Science in Accountancy,,036 s. 2021
10 - Northern Mindanao,Central Mindanao University,Bachelor,Bachelor of Science in Accounting Information System,,061 s. 2021
10 - Northern Mindanao,Central Mindanao University,Bachelor,Bachelor of Science in Agribusiness Management,,037 s. 2016
10 - Northern Mindanao,Central Mindanao University,Bachelor,Bachelor of Science in Agricultural & Biosystems Engineering,,034 s. 2016
10 - Northern Mindanao,Central Mindanao University,Bachelor,Bachelor of Science in Agriculture,Agricultural Economics,017 s. 2016
10 - Northern Mindanao,Central Mindanao University,Bachelor,Bachelor of Science in Agriculture,Agricultural Extension,017 s. 2016
10 - Northern Mindanao,Central Mindanao University,Bachelor,Bachelor of Science in Agriculture,Animal Science,017 s. 2016
10 - Northern Mindanao,Central Mindanao University,Bachelor,Bachelor of Science in Agriculture,Soil Science,017 s. 2016
10 - Northern Mindanao,Central Mindanao University,Bachelor,Bachelor of Science in Agriculture,Crop Science (Agronomy),017 s. 2016
10 - Northern Mindanao,Central Mindanao University,Bachelor,Bachelor of Science in Agriculture,Crop Science (Horticulture),017 s. 2016
10 - Northern Mindanao,Central Mindanao University,Bachelor,Bachelor of Science in Agriculture,Crop Science (Plant Breeding),017 s. 2016
10 - Northern Mindanao,Central Mindanao University,Bachelor,Bachelor of Science in Agriculture,Crop Protection (Plant Pathology),017 s. 2016
10 - Northern Mindanao,Central Mindanao University,Bachelor,Bachelor of Science in Agriculture,Crop Protection (Entomology),017 s. 2016
10 - Northern Mindanao,Central Mindanao University,Bachelor,Bachelor of Science in Biology,,021 s. 2016
10 - Northern Mindanao,Central Mindanao University,Bachelor,Bachelor of Science in Business Administration,Financial Management,035 s. 2021
10 - Northern Mindanao,Central Mindanao University,Bachelor,Bachelor of Science in Business Administration,Marketing Management,035 s. 2021
10 - Northern Mindanao,Central Mindanao University,Bachelor,Bachelor of Science in Business Administration,Operations Management,035 s. 2021
10 - Northern Mindanao,Central Mindanao University,Bachelor,Bachelor of Science in Chemistry,,022 s. 2016
10 - Northern Mindanao,Central Mindanao University,Bachelor,Bachelor of Science in Civil Engineering,,033 s. 2016
10 - Northern Mindanao,Central Mindanao University,Bachelor,Bachelor of Science in Development Communication,,038 s. 2016
10 - Northern Mindanao,Central Mindanao University,Bachelor,Bachelor of Science in Environmental Science,,039 s. 2016
10 - Northern Mindanao,Central Mindanao University,Bachelor,Bachelor of Science in Food Technology,,003 s. 2021
10 - Northern Mindanao,Central Mindanao University,Bachelor,Bachelor of Science in Forestry,,024 s. 2016
10 - Northern Mindanao,Central Mindanao University,Bachelor,Bachelor of Science in Home Economics,,025 s. 2016
10 - Northern Mindanao,Central Mindanao University,Bachelor,Bachelor of Science in Hospitality Management,,053 s. 2021
10 - Northern Mindanao,Central Mindanao University,Bachelor,Bachelor of Science in Information Technology,,046 s. 2021
10 - Northern Mindanao,Central Mindanao University,Bachelor,Bachelor of Science in Internal Auditing,,066 s. 2021
10 - Northern Mindanao,Central Mindanao University,Bachelor,Bachelor of Science in Management Accounting,,038 s. 2021
10 - Northern Mindanao,Central Mindanao University,Bachelor,Bachelor of Science in Mathematics,,023 s. 2016
10 - Northern Mindanao,Central Mindanao University,Bachelor,Bachelor of Science in Mechanical Engineering,,036 s. 2016
10 - Northern Mindanao,Central Mindanao University,Bachelor,Bachelor of Science in Nursing,,089 s. 2020
10 - Northern Mindanao,Central Mindanao University,Bachelor,Bachelor of Science in Nutrition Dietetics,,054 s. 2021
10 - Northern Mindanao,Central Mindanao University,Bachelor,Bachelor of Science in Office Administration,,037 s. 2021
10 - Northern Mindanao,Central Mindanao University,Bachelor,Bachelor of Science in Physics,,042 s. 2016
10 - Northern Mindanao,Central Mindanao University,Bachelor,Bachelor of Science in Psychology,,019 s. 2016
10 - Northern Mindanao,Central Mindanao University,Bachelor,Bachelor of Secondary Education,English,026 s. 2016
10 - Northern Mindanao,Central Mindanao University,Bachelor,Bachelor of Secondary Education,Filipino,026 s. 2016
10 - Northern Mindanao,Central Mindanao University,Bachelor,Bachelor of Secondary Education,Sciences,021 s. 2016
10 - Northern Mindanao,Central Mindanao University,Bachelor,Bachelor of Secondary Education,Mathematics,026 s. 2016
10 - Northern Mindanao,Central Mindanao University,Bachelor,Doctor of Veterinary Medicine,,027 s. 2016
10 - Northern Mindanao,Central Mindanao University,Bachelor,Bachelor of Science in Electrical Engineering,,035 s. 2016
10 - Northern Mindanao,Central Mindanao University,Doctorate,Doctor of Philosophy in Agricultural Economics,,030 s. 2016
10 - Northern Mindanao,Central Mindanao University,Doctorate,Doctor of Philosophy in Agricultural Extension,,030 s. 2016
10 - Northern Mindanao,Central Mindanao University,Doctorate,Doctor of Philosophy in Agronomy,,030 s. 2016
10 - Northern Mindanao,Central Mindanao University,Doctorate,Doctor of Philosophy in Animal Science,,030 s. 2016
10 - Northern Mindanao,Central Mindanao University,Doctorate,Doctor of Philosophy in Educational Administration,,031 s. 2016
10 - Northern Mindanao,Central Mindanao University,Doctorate,Doctor of Philosophy in Entomology,,030 s. 2016
10 - Northern Mindanao,Central Mindanao University,Doctorate,Doctor of Philosophy in Horticulture,,030 s. 2016
10 - Northern Mindanao,Central Mindanao University,Doctorate,Doctor of Philosophy in Plant Pathology,,030 s. 2016
10 - Northern Mindanao,Central Mindanao University,Doctorate,Doctor of Philosophy in Soil Science,,030 s. 2016
10 - Northern Mindanao,Central Mindanao University,Master,Master in Agribusiness Management,,028 s. 2016
10 - Northern Mindanao,Central Mindanao University,Master,Master of Arts in Education,Educational Administration,029 s. 2016
10 - Northern Mindanao,Central Mindanao University,Master,Master of Arts in Education,Administration and Supervision,029 s. 2016
10 - Northern Mindanao,Central Mindanao University,Master,Master of Arts in Home Economics Education,,029 s. 2016
10 - Northern Mindanao,Central Mindanao University,Master,Master of Arts in Language Education,Filipino,029 s. 2016
10 - Northern Mindanao,Central Mindanao University,Master,Master of Arts in Language Education,English,029 s. 2016
10 - Northern Mindanao,Central Mindanao University,Master,Master of Science in Agricultural Economics,,028 s. 2016
10 - Northern Mindanao,Central Mindanao University,Master,Master of Science in Agricultural Extension,,028 s. 2016
10 - Northern Mindanao,Central Mindanao University,Master,Master of Science in Agronomy,,028 s. 2016
10 - Northern Mindanao,Central Mindanao University,Master,Master of Science in Animal Science,,028 s. 2016
10 - Northern Mindanao,Central Mindanao University,Master,Master of Science in Entomology,,028 s. 2016
10 - Northern Mindanao,Central Mindanao University,Master,Master of Science in Horticulture,,028 s. 2016
10 - Northern Mindanao,Central Mindanao University,Master,Master of Science in Mathematics Education,,029 s. 2016
10 - Northern Mindanao,Central Mindanao University,Master,Master of Science in Plant Breeding,,028 s. 2016
10 - Northern Mindanao,Central Mindanao University,Master,Master of Science in Plant Pathology,,028 s. 2016
10 - Northern Mindanao,Central Mindanao University,Master,Master of Science in Soil Science,,028 s. 2016
10 - Northern Mindanao,Central Mindanao University,Master,Master of Science in Veterinary Medicine - Academic Track,,068 s. 2022
10 - Northern Mindanao,Central Mindanao University,Master,Master of Veterinary Science - Research Track,,069 s. 2022
10 - Northern Mindanao,Central Mindanao University,Bachelor,Bachelor of Science in Entrepreneurship,,037 s. 2025
10 - Northern Mindanao,Central Mindanao University,Bachelor,Bachelor of Technical Vocational Teacher Education,Food and Service Management,038 s. 2025
10 - Northern Mindanao,Central Mindanao University,Bachelor,Bachelor of Technical Vocational Teacher Education,"Garments, Fashion, and Design",039 s. 2025
10 - Northern Mindanao,Mindanao State University - Iligan Institute of Technology,Bachelor,Bachelor of Arts in English Language Studies,English Language Studies,070 s. 2016
10 - Northern Mindanao,Mindanao State University - Iligan Institute of Technology,Bachelor,Bachelor of Arts in History,History,072 s. 2016
10 - Northern Mindanao,Mindanao State University - Iligan Institute of Technology,Bachelor,Bachelor of Arts in Literary and Cultural Studies,Literary and Cultural Studies,028 s. 2021
10 - Northern Mindanao,Mindanao State University - Iligan Institute of Technology,Bachelor,Bachelor of Arts in Political Science,Political Science,074 s. 2016
10 - Northern Mindanao,Mindanao State University - Iligan Institute of Technology,Bachelor,Bachelor of Arts in Psychology,Psychology,026 s. 2021
10 - Northern Mindanao,Mindanao State University - Iligan Institute of Technology,Bachelor,Bachelor of Arts in Sociology,Sociology,073 s. 2016
10 - Northern Mindanao,Mindanao State University - Iligan Institute of Technology,Bachelor,Bachelor of Elementary Education,Science and Mathematics,079 s. 2016
10 - Northern Mindanao,Mindanao State University - Iligan Institute of Technology,Bachelor,Bachelor of Elementary Education,Language Education,079 s. 2016
10 - Northern Mindanao,Mindanao State University - Iligan Institute of Technology,Bachelor,Bachelor of Engineering Technology,Metallurgical and Materials Engineering Technology,293 s. 2025
10 - Northern Mindanao,Mindanao State University - Iligan Institute of Technology,Bachelor,Bachelor of Engineering Technology,Chemical Engineering Technology,294 s. 2025
10 - Northern Mindanao,Mindanao State University - Iligan Institute of Technology,Bachelor,Bachelor of Physical Education,Physical Education,012 s. 2021
10 - Northern Mindanao,Mindanao State University - Iligan Institute of Technology,Bachelor,Bachelor of Science in Chemical Engineering,Chemical Engineering,082 s. 2016
10 - Northern Mindanao,Mindanao State University - Iligan Institute of Technology,Bachelor,Bachelor of Science in Accountancy,Accountancy,076 s. 2016
10 - Northern Mindanao,Mindanao State University - Iligan Institute of Technology,Bachelor,Bachelor of Science in Biology,Animal Biology,090 s. 2016
10 - Northern Mindanao,Mindanao State University - Iligan Institute of Technology,Bachelor,Bachelor of Science in Biology,Biodiversity,090 s. 2016
10 - Northern Mindanao,Mindanao State University - Iligan Institute of Technology,Bachelor,Bachelor of Science in Biology,Microbiology,090 s. 2016
10 - Northern Mindanao,Mindanao State University - Iligan Institute of Technology,Bachelor,Bachelor of Science in Biology,Plant Biology,090 s. 2016
10 - Northern Mindanao,Mindanao State University - Iligan Institute of Technology,Bachelor,Bachelor of Science in Business Administration,Business Economics,077 s. 2016
10 - Northern Mindanao,Mindanao State University - Iligan Institute of Technology,Bachelor,Bachelor of Science in Business Administration,Marketing Management,040 s. 2021
10 - Northern Mindanao,Mindanao State University - Iligan Institute of Technology,Bachelor,Bachelor of Science in Ceramics Engineering,Ceramics Engineering,081 s. 2016
10 - Northern Mindanao,Mindanao State University - Iligan Institute of Technology,Bachelor,Bachelor of Science in Chemistry,Chemistry,083 s. 2016
10 - Northern Mindanao,Mindanao State University - Iligan Institute of Technology,Bachelor,Bachelor of Science in Civil Engineering,Civil Engineering,080 s. 2016
10 - Northern Mindanao,Mindanao State University - Iligan Institute of Technology,Bachelor,Bachelor of Science in Computer Applications,Computer Applications,017 s. 2021
10 - Northern Mindanao,Mindanao State University - Iligan Institute of Technology,Bachelor,Bachelor of Science in Computer Applications,Internet of Things (IoT),017 s. 2021
10 - Northern Mindanao,Mindanao State University - Iligan Institute of Technology,Master,Master of Science in Chemical Engineering,,298 s. 2025
10 - Northern Mindanao,Mindanao State University - Iligan Institute of Technology,Bachelor,Bachelor of Science in Computer Science,Computer Science,016 s. 2021
10 - Northern Mindanao,Mindanao State University - Iligan Institute of Technology,Bachelor,Bachelor of Science in Economics,Economics,042 s. 2021
10 - Northern Mindanao,Mindanao State University - Iligan Institute of Technology,Bachelor,Bachelor of Science in Electrical Engineering,Electrical Engineering,004 s. 2021
10 - Northern Mindanao,Mindanao State University - Iligan Institute of Technology,Bachelor,Bachelor of Science in Electronics Engineering,Electronics Engineering,005 s. 2021
10 - Northern Mindanao,Mindanao State University - Iligan Institute of Technology,Bachelor,Bachelor of Science in Entrepreneurship,Entrepreneurship,039 s. 2021
10 - Northern Mindanao,Mindanao State University - Iligan Institute of Technology,Bachelor,Bachelor of Science in Environmental Engineering,Environmental Engineering,295 s. 2025
10 - Northern Mindanao,Mindanao State University - Iligan Institute of Technology,Bachelor,Bachelor of Science in Hospitality Management,Hospitality Management,041 s. 2021
10 - Northern Mindanao,Mindanao State University - Iligan Institute of Technology,Bachelor,Bachelor of Science in Information Systems,Information Systems,015 s. 2021
10 - Northern Mindanao,Mindanao State University - Iligan Institute of Technology,Bachelor,Bachelor of Science in Information Technology,Database Systems/Network Systems,085 s. 2016
10 - Northern Mindanao,Mindanao State University - Iligan Institute of Technology,Bachelor,Bachelor of Science in Information Technology,Database Systems,085 s. 2016
10 - Northern Mindanao,Mindanao State University - Iligan Institute of Technology,Bachelor,Bachelor of Science in Marine Biology,Marine Biology,008 s. 2024
10 - Northern Mindanao,Mindanao State University - Iligan Institute of Technology,Bachelor,Bachelor of Science in Mathematics,Mathematics,087 s. 2016
10 - Northern Mindanao,Mindanao State University - Iligan Institute of Technology,Bachelor,Bachelor of Science in Mechanical Engineering,Mechanical Engineering,006 s. 2021
10 - Northern Mindanao,Mindanao State University - Iligan Institute of Technology,Bachelor,Bachelor of Science in Metallurgical Engineering,Metallurgical Engineering,007 s. 2021
10 - Northern Mindanao,Mindanao State University - Iligan Institute of Technology,Bachelor,Bachelor of Science in Mining Engineering,Mining Engineering,040 s. 2025
10 - Northern Mindanao,Mindanao State University - Iligan Institute of Technology,Bachelor,Bachelor of Science in Nursing,Nursing,175 s. 2023
10 - Northern Mindanao,Mindanao State University - Iligan Institute of Technology,Bachelor,Bachelor of Science in Philosophy,Applied Ethics,027 s. 2021
10 - Northern Mindanao,Mindanao State University - Iligan Institute of Technology,Bachelor,Bachelor of Science in Physics,Physics,088 s. 2016
10 - Northern Mindanao,Mindanao State University - Iligan Institute of Technology,Bachelor,Bachelor of Science in Psychology,Psychology,075 s. 2016
10 - Northern Mindanao,Mindanao State University - Iligan Institute of Technology,Bachelor,Bachelor of Science in Statistics,Statistics,089 s. 2016
10 - Northern Mindanao,Mindanao State University - Iligan Institute of Technology,Bachelor,Bachelor of Secondary Education,Biology,023 s. 2022
10 - Northern Mindanao,Mindanao State University - Iligan Institute of Technology,Bachelor,Bachelor of Secondary Education,Chemistry,023 s. 2022
10 - Northern Mindanao,Mindanao State University - Iligan Institute of Technology,Bachelor,Bachelor of Secondary Education,Mathematics,023 s. 2022
10 - Northern Mindanao,Mindanao State University - Iligan Institute of Technology,Bachelor,Bachelor of Secondary Education,Physics,023 s. 2022
10 - Northern Mindanao,Mindanao State University - Iligan Institute of Technology,Bachelor,Bachelor of Secondary Education,Filipino,023 s. 2022
10 - Northern Mindanao,Mindanao State University - Iligan Institute of Technology,Bachelor,Bachelor of Technical-Vocational Teacher Education,Drafting Technology,009 s. 2021
10 - Northern Mindanao,Mindanao State University - Iligan Institute of Technology,Bachelor,Bachelor of Technology and Livelihood Education,Home Economics,016 s. 2022
10 - Northern Mindanao,Mindanao State University - Iligan Institute of Technology,Bachelor,Bachelor of Technology and Livelihood Education,Industrial Arts,016 s. 2022
10 - Northern Mindanao,Mindanao State University - Iligan Institute of Technology,Bachelor,Batsilyer ng Sining sa Filipino,Filipino,071 s. 2016
10 - Northern Mindanao,Mindanao State University - Iligan Institute of Technology,Bachelor,Batsilyer ng Sining sa Panitikan,Panitikan,014 s. 2021
10 - Northern Mindanao,Mindanao State University - Iligan Institute of Technology,Doctorate,Doctor in Business Administration,Business Administration,016 s. 2022
10 - Northern Mindanao,Mindanao State University - Iligan Institute of Technology,Doctorate,Doctor of Philosophy in Biology,Biology,098 s. 2016
10 - Northern Mindanao,Mindanao State University - Iligan Institute of Technology,Doctorate,Doctor of Philosophy in Chemistry,Chemistry,100 s. 2016
10 - Northern Mindanao,Mindanao State University - Iligan Institute of Technology,Doctorate,Doctor of Philosophy in Environmental Science,Environmental Science,053 s. 2024
10 - Northern Mindanao,Mindanao State University - Iligan Institute of Technology,Doctorate,Doctor of Philosophy in Statistics,,068 s. 2025
10 - Northern Mindanao,Mindanao State University - Iligan Institute of Technology,Doctorate,Doctor of Philosophy in Mathematics,Mathematics,096 s. 2016
10 - Northern Mindanao,Mindanao State University - Iligan Institute of Technology,Doctorate,Doctor of Philosophy in Physics,Physics,102 s. 2016
10 - Northern Mindanao,Mindanao State University - Iligan Institute of Technology,Doctorate,Doctor of Philosophy in Filipino,Filipino,092 s. 2016
10 - Northern Mindanao,Mindanao State University - Iligan Institute of Technology,Doctorate,Doctor of Philosophy in Sociology,Sociology,176 s. 2023
10 - Northern Mindanao,Mindanao State University - Iligan Institute of Technology,Doctorate,Doktor ng Pilosopiya sa Filipino,Filipino,092 s. 2016
10 - Northern Mindanao,Mindanao State University - Iligan Institute of Technology,Master,Master in Business Administration,Business Administration,015 s. 2022
10 - Northern Mindanao,Mindanao State University - Iligan Institute of Technology,Master,Master in History,History,093 s. 2016
10 - Northern Mindanao,Mindanao State University - Iligan Institute of Technology,Master,Master ng Sining sa Filipino,Filipino,091 s. 2016
10 - Northern Mindanao,Mindanao State University - Iligan Institute of Technology,Master,Master ng Sining sa Panitikan,Literature,064 s. 2022
10 - Northern Mindanao,Mindanao State University - Iligan Institute of Technology,Master,Master of Applied Statistics,,067 s. 2025
10 - Northern Mindanao,Mindanao State University - Iligan Institute of Technology,Master,Master of Arts in Filipino,Filipino,091 s. 2016
10 - Northern Mindanao,Mindanao State University - Iligan Institute of Technology,Master,Master of Arts in History,Philippine History,175 s. 2023
10 - Northern Mindanao,Mindanao State University - Iligan Institute of Technology,Master,Master of Arts in Political Science,Political Science,101 s. 2024
10 - Northern Mindanao,Mindanao State University - Iligan Institute of Technology,Master,Master of Arts in Sociology,Sociology,094 s. 2016
10 - Northern Mindanao,Mindanao State University - Iligan Institute of Technology,Master,Master of Science in Biology,Biology,097 s. 2016
10 - Northern Mindanao,Mindanao State University - Iligan Institute of Technology,Master,Master of Science in Chemistry,Chemistry,099 s. 2016
10 - Northern Mindanao,Mindanao State University - Iligan Institute of Technology,Master,Master of Science in Environmental Science,Environmental Science,052 s. 2024
10 - Northern Mindanao,Mindanao State University - Iligan Institute of Technology,Master,Master of Science in Materials Science and Engineering,,299 s. 2025
10 - Northern Mindanao,Mindanao State University - Iligan Institute of Technology,Master,Master of Science in Mathematics,,095 s. 2016
10 - Northern Mindanao,Mindanao State University - Iligan Institute of Technology,Master,Master of Science in Physics,,101 s. 2016
10 - Northern Mindanao,Mindanao State University - Iligan Institute of Technology,Master,Master of Science in Robotics,,300 s. 2025
10 - Northern Mindanao,Mindanao State University - Iligan Institute of Technology,Master,Master of Science in Statistics,,066 s. 2025
10 - Northern Mindanao,Mindanao State University - Iligan Institute of Technology,Master,Master of Science in Electronics Engineering,,296 s. 2025
10 - Northern Mindanao,Mindanao State University - Iligan Institute of Technology,Master,Master of Science in Mechanical Engineering,,297 s. 2025
10 - Northern Mindanao,Mindanao State University-Lanao Del Norte Agricultural College,Bachelor,Bachelor of Secondary Education,English,015 s. 2025
10 - Northern Mindanao,Mindanao State University-Lanao Del Norte Agricultural College,Bachelor,Bachelor of Secondary Education,Mathematics,016 s. 2025
10 - Northern Mindanao,Mindanao State University-Lanao Del Norte Agricultural College,Bachelor,Bachelor of Elementary Education,General Education,014 s. 2025
10 - Northern Mindanao,Mindanao State University-Lanao Del Norte Agricultural College,Bachelor,Bachelor of Secondary Education,Filipino,017 s. 2025
15 - Bangsamoro Autonomous Region in Muslim Mindanao,Mindanao State University-Lanao National College of Arts and Trades,Bachelor,Bachelor of Elementary Education,,030 s. 2025
15 - Bangsamoro Autonomous Region in Muslim Mindanao,Mindanao State University-Lanao National College of Arts and Trades,Bachelor,Bachelor of Secondary Education,Science,031 s. 2025
15 - Bangsamoro Autonomous Region in Muslim Mindanao,Mindanao State University-Lanao National College of Arts and Trades,Bachelor,Bachelor of Technology and Livelihood Education,Home Economics,032 s. 2025
15 - Bangsamoro Autonomous Region in Muslim Mindanao,Mindanao State University-Lanao National College of Arts and Trades,Bachelor,Bachelor of Technology and Livelihood Education,Industrial Arts,033 s. 2025
10 - Northern Mindanao,Mindanao State University-Maigo School of Arts and Trades,Bachelor,Bachelor of Elementary Education,,003 s. 2023
10 - Northern Mindanao,Mindanao State University-Maigo School of Arts and Trades,Bachelor,Bachelor of Science in Hospitality Management,,006 s. 2024
10 - Northern Mindanao,Mindanao State University-Maigo School of Arts and Trades,Bachelor,Bachelor of Technology and Livelihood Education,Home Economics,004 s. 2023
10 - Northern Mindanao,Mindanao State University-Maigo School of Arts and Trades,Bachelor,Bachelor of Technology and Livelihood Education,Industrial Arts,004 s. 2023
10 - Northern Mindanao,Mindanao State University-Naawan,Bachelor,Bachelor of Elementary Education,,034 s. 2025
10 - Northern Mindanao,Mindanao State University-Naawan,Bachelor,Bachelor of Science in Agriculture,Agronomy,022 s. 2025
10 - Northern Mindanao,Mindanao State University-Naawan,Bachelor,Bachelor of Science in Agriculture,Animal Science,023 s. 2025
10 - Northern Mindanao,Mindanao State University-Naawan,Bachelor,Bachelor of Science in Business Administration,Human Resource Management,27 s. 2025
10 - Northern Mindanao,Mindanao State University-Naawan,Bachelor,Bachelor of Science in Business Administration,Marketing Management,28 s. 2025
10 - Northern Mindanao,Mindanao State University-Naawan,Bachelor,Bachelor of Science in Environmental Science,,25 s. 2025
10 - Northern Mindanao,Mindanao State University-Naawan,Bachelor,Bachelor of Science in Fisheries,,103 s. 2016
10 - Northern Mindanao,Mindanao State University-Naawan,Bachelor,Bachelor of Science in Forestry,,026 s. 2025
10 - Northern Mindanao,Mindanao State University-Naawan,Bachelor,Bachelor of Secondary Education,English,010 s. 2025
10 - Northern Mindanao,Mindanao State University-Naawan,Bachelor,Bachelor of Secondary Education,Mathematics,012 s. 2025
10 - Northern Mindanao,Mindanao State University-Naawan,Bachelor,Bachelor of Secondary Education,Sciences,011 s. 2025
10 - Northern Mindanao,Northern Bukidnon State College,Bachelor,Bachelor of Early Childhood Education,,002 s. 2020
10 - Northern Mindanao,Northern Bukidnon State College,Bachelor,Bachelor of Elementary Education,,001 s. 2020
10 - Northern Mindanao,Northern Bukidnon State College,Bachelor,Bachelor of Science in Business Administration,Marketing Management,004 s. 2020
10 - Northern Mindanao,Northern Bukidnon State College,Bachelor,Bachelor of Science in Business Administration,Financial Management,004 s. 2020
10 - Northern Mindanao,Northern Bukidnon State College,Bachelor,Bachelor of Science in Business Administration,Operational Management,004 s. 2020
10 - Northern Mindanao,Northern Bukidnon State College,Bachelor,Bachelor of Science in Information Technology,,007 s. 2020
10 - Northern Mindanao,Northern Bukidnon State College,Bachelor,Bachelor of Secondary Education,English,003 s. 2020
10 - Northern Mindanao,Northern Bukidnon State College,Bachelor,Bachelor of Secondary Education,Mathematics,003 s. 2020
10 - Northern Mindanao,Northwestern Mindanao State College of Science and Technology,Bachelor,Bachelor of Arts in English Language Studies,,029 s. 2021
10 - Northern Mindanao,Northwestern Mindanao State College of Science and Technology,Bachelor,Bachelor of Arts in Literature,,003 s. 2022
10 - Northern Mindanao,Northwestern Mindanao State College of Science and Technology,Bachelor,Bachelor of Arts in Political Science,,004 s. 2022
10 - Northern Mindanao,Northwestern Mindanao State College of Science and Technology,Bachelor,Bachelor of Elementary Education,,010 s. 2017
10 - Northern Mindanao,Northwestern Mindanao State College of Science and Technology,Bachelor,Bachelor of Engineering Technology,Electrical Engineering Technology,004 s. 2018
10 - Northern Mindanao,Northwestern Mindanao State College of Science and Technology,Bachelor,Bachelor of Engineering Technology,Electronics Engineering Technology,004 s. 2018
10 - Northern Mindanao,Northwestern Mindanao State College of Science and Technology,Bachelor,Bachelor of Engineering Technology,Mechanical Engineering Technology,004 s. 2018
10 - Northern Mindanao,Northwestern Mindanao State College of Science and Technology,Bachelor,Bachelor of Engineering Technology,Construction Engineering Technology,004 s. 2018
10 - Northern Mindanao,Northwestern Mindanao State College of Science and Technology,Bachelor,Bachelor of Science in Agriculture,Crop Science,048 s. 2022
10 - Northern Mindanao,Northwestern Mindanao State College of Science and Technology,Bachelor,Bachelor of Science in Agriculture,Animal Science,048 s. 2022
10 - Northern Mindanao,Northwestern Mindanao State College of Science and Technology,Bachelor,Bachelor of Science in Animation and Multimedia Arts,,005 s. 2022
10 - Northern Mindanao,Northwestern Mindanao State College of Science and Technology,Bachelor,Bachelor of Science in Biology,,031 s. 2022
10 - Northern Mindanao,Northwestern Mindanao State College of Science and Technology,Bachelor,Bachelor of Science in Development Communication,,001 s. 2024
10 - Northern Mindanao,Northwestern Mindanao State College of Science and Technology,Bachelor,Bachelor of Science in Environmental Science,,003 s. 2019
10 - Northern Mindanao,Northwestern Mindanao State College of Science and Technology,Bachelor,Bachelor of Science in Hospitality Management,,009 s. 2020
10 - Northern Mindanao,Northwestern Mindanao State College of Science and Technology,Bachelor,Bachelor of Science in Industrial Technology,Automotive Technology,002 s. 2019
10 - Northern Mindanao,Northwestern Mindanao State College of Science and Technology,Bachelor,Bachelor of Science in Industrial Technology,Civil Technology,002 s. 2019
10 - Northern Mindanao,Northwestern Mindanao State College of Science and Technology,Bachelor,Bachelor of Science in Industrial Technology,Electrical Technology,002 s. 2019
10 - Northern Mindanao,Northwestern Mindanao State College of Science and Technology,Bachelor,Bachelor of Science in Industrial Technology,Food Technology,002 s. 2019
10 - Northern Mindanao,Northwestern Mindanao State College of Science and Technology,Bachelor,Bachelor of Science in Industrial Technology,Electronics Technology,002 s. 2019
10 - Northern Mindanao,Northwestern Mindanao State College of Science and Technology,Bachelor,Bachelor of Science in Industrial Technology,Computer Technology,002 s. 2019
10 - Northern Mindanao,Northwestern Mindanao State College of Science and Technology,Bachelor,Bachelor of Science in Information Systems,,010 s. 2020
10 - Northern Mindanao,Northwestern Mindanao State College of Science and Technology,Bachelor,Bachelor of Science in Information Technology,,011 s. 2020
10 - Northern Mindanao,Northwestern Mindanao State College of Science and Technology,Bachelor,Bachelor of Science in Mathematics,,030 s. 2022
10 - Northern Mindanao,Northwestern Mindanao State College of Science and Technology,Bachelor,Bachelor of Science in Tourism Management,,025 s. 2022
10 - Northern Mindanao,Northwestern Mindanao State College of Science and Technology,Bachelor,Bachelor of Secondary Education,Mathematics,008 s. 2017
10 - Northern Mindanao,Northwestern Mindanao State College of Science and Technology,Bachelor,Bachelor of Secondary Education,Science,009 s. 2017
10 - Northern Mindanao,Northwestern Mindanao State College of Science and Technology,Doctorate,Doctor in Information Technology,,024 s. 2025
10 - Northern Mindanao,Northwestern Mindanao State College of Science and Technology,Master,Master of Science in Information Technology,,312 s. 2022
10 - Northern Mindanao,Northwestern Mindanao State College of Science and Technology,Bachelor,Bachelor of Physical Education,,013 s. 2025
10 - Northern Mindanao,University of Science and Technology in Southern Philippines-Alubijid,Bachelor,Bachelor of Science in Computer Science,,004 s. 2024
10 - Northern Mindanao,University of Science and Technology of Southern Philippines,Bachelor,Bachelor in Technical-Vocational Teacher Education,,115 s. 2016
10 - Northern Mindanao,University of Science and Technology of Southern Philippines,Bachelor,Bachelor of Science in Applied Mathematics,,052 s. 2016
10 - Northern Mindanao,University of Science and Technology of Southern Philippines,Bachelor,Bachelor of Science in Applied Physics,,009 s. 2023
10 - Northern Mindanao,University of Science and Technology of Southern Philippines,Bachelor,Bachelor of Science in Architecture,,106 s. 2016
10 - Northern Mindanao,University of Science and Technology of Southern Philippines,Bachelor,Bachelor of Science in Chemistry,,060 s. 2016
10 - Northern Mindanao,University of Science and Technology of Southern Philippines,Bachelor,Bachelor of Science in Civil Engineering,,049 s. 2016
10 - Northern Mindanao,University of Science and Technology of Southern Philippines,Bachelor,Bachelor of Science in Computer Engineering,,050 s. 2016
10 - Northern Mindanao,University of Science and Technology of Southern Philippines,Bachelor,Bachelor of Science in Data Science,,018 s. 2021
10 - Northern Mindanao,University of Science and Technology of Southern Philippines,Bachelor,Bachelor of Science in Electrical Engineering,,041 s. 2016
10 - Northern Mindanao,University of Science and Technology of Southern Philippines,Bachelor,Bachelor of Science in Electronics Engineering,,042 s. 2016
10 - Northern Mindanao,University of Science and Technology of Southern Philippines,Bachelor,Bachelor of Science in Environmental Science,,010 s. 2023
10 - Northern Mindanao,University of Science and Technology of Southern Philippines,Bachelor,Bachelor of Science in Environmental Science,Environmental and Management Technology,010 s. 2023
10 - Northern Mindanao,University of Science and Technology of Southern Philippines,Bachelor,Bachelor of Science in Environmental Science,Natural Resource Management,010 s. 2023
10 - Northern Mindanao,University of Science and Technology of Southern Philippines,Bachelor,Bachelor of Science in Food Technology,,024 s. 2025
10 - Northern Mindanao,University of Science and Technology of Southern Philippines,Bachelor,Bachelor of Science in Geodetic Engineering,,296 s. 2022
10 - Northern Mindanao,University of Science and Technology of Southern Philippines,Bachelor,Bachelor of Science in Information Technology,,046 s. 2016
10 - Northern Mindanao,University of Science and Technology of Southern Philippines,Bachelor,Bachelor of Science in Mechanical Engineering,,048 s. 2016
10 - Northern Mindanao,University of Science and Technology of Southern Philippines,Bachelor,Bachelor of Science in Technology Communication Management,,002 s. 2018
10 - Northern Mindanao,University of Science and Technology of Southern Philippines,Bachelor,Bachelor of Secondary Education,Science,109 s. 2016
10 - Northern Mindanao,University of Science and Technology of Southern Philippines,Bachelor,Bachelor of Secondary Education,Mathematics,109 s. 2016
10 - Northern Mindanao,University of Science and Technology of Southern Philippines,Bachelor,Bachelor of Technology and Livelihood Education,Home Economics,001 s. 2018
10 - Northern Mindanao,University of Science and Technology of Southern Philippines,Bachelor,Bachelor of Technology and Livelihood Education,Industrial Arts,001 s. 2018
10 - Northern Mindanao,University of Science and Technology of Southern Philippines,Doctorate,Doctor of Philosophy in Educational Planning and Administration,,053 s. 2016
10 - Northern Mindanao,University of Science and Technology of Southern Philippines,Doctorate,Doctor of Philosophy in Applied Mathematics,,051 s. 2024
10 - Northern Mindanao,University of Science and Technology of Southern Philippines,Doctorate,Doctor of Philosophy in Energy Engineering,,61 s. 2022
10 - Northern Mindanao,University of Science and Technology of Southern Philippines,Doctorate,Doctor of Philosophy in Mathematics Education,,55 s. 2016
10 - Northern Mindanao,University of Science and Technology of Southern Philippines,Doctorate,Doctor of Technology Education,,54 s. 2016
10 - Northern Mindanao,University of Science and Technology of Southern Philippines,Master,Master in Educational Planning and Administration,,058 s. 2016
10 - Northern Mindanao,University of Science and Technology of Southern Philippines,Master,Master in Industrial Technology and Operations,,069 s. 2025
10 - Northern Mindanao,University of Science and Technology of Southern Philippines,Master,Master in Information Technology,,138 s. 2024
10 - Northern Mindanao,University of Science and Technology of Southern Philippines,Master,Master in Public Sector Innovations,,086 s. 2025
10 - Northern Mindanao,University of Science and Technology of Southern Philippines,Master,Master in Technical and Technology Education,,59 s. 2016
10 - Northern Mindanao,University of Science and Technology of Southern Philippines,Master,Master in Technician Teacher Education,,116 s. 2016
10 - Northern Mindanao,University of Science and Technology of Southern Philippines,Master,Master of Arts in Teaching English as a Second Language,,102 s. 2024
10 - Northern Mindanao,University of Science and Technology of Southern Philippines,Master,Master of Arts in Teaching Special Education,,103 s. 2024
10 - Northern Mindanao,University of Science and Technology of Southern Philippines,Master,Master of Engineering,Civil Engineering,070 s. 2025
10 - Northern Mindanao,University of Science and Technology of Southern Philippines,Master,Master of Engineering,Electrical Engineering,071 s. 2025
10 - Northern Mindanao,University of Science and Technology of Southern Philippines,Master,Master of Engineering,Mechanical Engineering,073 s. 2025
10 - Northern Mindanao,University of Science and Technology of Southern Philippines,Master,Master of Science in Applied Mathematical Sciences,,56 s. 2016
10 - Northern Mindanao,University of Science and Technology of Southern Philippines,Master,Master of Science in Electrical Engineering,,141 s. 2020
10 - Northern Mindanao,University of Science and Technology of Southern Philippines,Master,Master of Science in Mathematics Education,,57 s. 2016
10 - Northern Mindanao,University of Science and Technology of Southern Philippines,Master,Master of Science in Science Education,Chemistry,112 s. 2016
10 - Northern Mindanao,University of Science and Technology of Southern Philippines,Master,Master of Science in Science Education,,108 s. 2016
10 - Northern Mindanao,University of Science and Technology of Southern Philippines,Master,Professional Science Masters in Power Systems Engineering,,074 s. 2025
10 - Northern Mindanao,University of Science and Technology of Southern Philippines,Doctorate,Doctor of Philosophy in Sociology,,CEB Resolution No. 392-2023
10 - Northern Mindanao,University of Science and Technology of Southern Philippines,Master,Master of Engineering,Electronics Engineering,072 s. 2025
10 - Northern Mindanao,University of Science and Technology of Southern Philippines - Claveria,Bachelor,Bachelor of Agricultural Technology,Agricultural Technology,062 s. 2016
10 - Northern Mindanao,University of Science and Technology of Southern Philippines - Claveria,Bachelor,Bachelor in Food Processing and Technology,Food Processing and Technology,066 s. 2016
10 - Northern Mindanao,University of Science and Technology of Southern Philippines - Claveria,Bachelor,Bachelor of Science in Agricultural and Biosystems Engineering,Agricultural and Biosystems Engineering,297 s. 2022
10 - Northern Mindanao,University of Science and Technology of Southern Philippines - Claveria,Bachelor,Bachelor of Science in Agriculture,Crop Science,067 s. 2016
10 - Northern Mindanao,University of Science and Technology of Southern Philippines - Claveria,Bachelor,Bachelor of Science in Agriculture,Animal Science,067 s. 2016
10 - Northern Mindanao,University of Science and Technology of Southern Philippines - Claveria,Bachelor,Bachelor of Science in Agriculture,Dairy Science,067 s. 2016
10 - Northern Mindanao,University of Science and Technology of Southern Philippines - Claveria,Bachelor,Bachelor of Science in Agriculture,Agricultural Education,067 s. 2016
10 - Northern Mindanao,University of Science and Technology of Southern Philippines - Claveria,Bachelor,Bachelor of Science in Agriculture,Entrepreneurship,067 s. 2016
10 - Northern Mindanao,University of Science and Technology of Southern Philippines - Claveria,Bachelor,Bachelor of Science in Agroforestry,Agroforestry,064 s. 2016
10 - Northern Mindanao,University of Science and Technology of Southern Philippines - Claveria,Bachelor,Bachelor of Science in Environmental Engineering,Environmental Engineering,063 s. 2016
10 - Northern Mindanao,University of Science and Technology of Southern Philippines - Claveria,Bachelor,Bachelor of Science in Hospitality Management,,018 s. 2025
10 - Northern Mindanao,University of Science and Technology of Southern Philippines - Claveria,Bachelor,Bachelor of Science in Information Technology,Information Technology,005 s. 2024
10 - Northern Mindanao,University of Science and Technology of Southern Philippines - Claveria,Bachelor,Bachelor of Science in Social Work,Social Work,036 s. 2025
10 - Northern Mindanao,University of Science and Technology of Southern Philippines - Claveria,Bachelor,Bachelor of Technology and Livelihood Education,Agri-Fishery Arts,003 s. 2024
10 - Northern Mindanao,University of Science and Technology of Southern Philippines - Claveria,Bachelor,Bachelor of Technology in Horticulture Management,Horticulture Management,065 s. 2016
10 - Northern Mindanao,University of Science and Technology of Southern Philippines - Jasaan,Bachelor,Bachelor of Science in Naval Architecture and Marine Engineering,,195 s. 2023
10 - Northern Mindanao,University of Science and Technology of Southern Philippines - Oroquieta,Bachelor,Bachelor of Technology and Livelihood Education,Industrial Arts,007 s. 2025
10 - Northern Mindanao,University of Science and Technology of Southern Philippines - Oroquieta,Bachelor,Bachelor of Technology and Livelihood Education,Home Economics,008 s. 2025
10 - Northern Mindanao,University of Science and Technology of Southern Philippines - Oroquieta,Bachelor,Bachelor of Technology and Livelihood Education,Information and Communication Technology,009 s. 2025
10 - Northern Mindanao,University of Science and Technology of Southern Philippines - Panaon,Bachelor,Bachelor of Science in Marine Biology,,003 s. 2018
10 - Northern Mindanao,University of Science and Technology of Southern Philippines - Panaon,Bachelor,Bachelor of Technology and Livelihood Education,Home Economics,005 s. 2025
10 - Northern Mindanao,University of Science and Technology of Southern Philippines - Panaon,Bachelor,Bachelor of Technology and Livelihood Education,Industrial Arts,006 s. 2025
